B0DK4C6SZK	SweeTARTS Halos, Candy, Blue Punch and Strawberries and Cream, Tart and Chewy, Soft and Fluffy, 11 oz
B0DM39JKD3	John Grebble Is Gone
B0FDCNQ3DV	Chex Mix Cheddar Snack Mix, Salty Snacks Tub, 20 oz
B0FNRZCPFM	Nerds, Juicy Gummy Clusters, Strawberry Punch, Juicy and Gummy Candy, 1 Stand up Bag, for Snacking and Sharing, 7.2 Ounce
B0G2BDYLLL	Yecaye 3 Pack 39" Frameless Shower Door Bottom Seal, 3/8" (10mm) Glass Seal Strip, Shower Door Sweep with Drip Rail, Stop Leaks and Create a Water Barrier
B0GHVYJ6TL	Ricafirla Retro Round Polarized Sunglasses for Women, Small Face Vintage Sun Glasses with UV400 Protection, Lightweight Acetate Metal Arms for Driving, Travel White Frame Brown Gradient Lens
B0GP2CPBQX	Chex Mix Sweet and Salty Recipe Snack Mix, with M&Ms Milk Chocolate Candies, Family Size, 13.5 oz
B0GTQ98PC3	RIATOUR Womens Terry Cloth Swim Cover up Polo Collar Bathing Suits Beach Coverups Swimwear with Pockets (OrangeFlowers-M)
B0CVXMZNMS	TAILI Shower Grab Bar, 2 Pack 12 Inch Suction Grab Bars for Bathtubs and Showers for Elderly, Shower Handle for Seniors Bathroom Safety Grip, No Drilling Removable,Grey,G9
B0G7FFTQ11	ZAFUL 2 Piece Swimsuits for Women Bandeau Tankini Top with Skirt Bottom Tummy Control Bathing Suit 0-Orange L
B0FDQSBRT5	Kohree 2000 lbs Trailer Jack with Dual Wheel, 20-24V Cordless Drill Compatible, Heavy Duty Bolt on Trailer Tongue Jack for RV, Boat, Sliver, 12" Lift
B07SCL613T	Huggies Natural Care Sensitive Baby Wipes, Unscented, Hypoallergenic, 99% Purified Water, 12 Flip-Top Packs (768 Wipes Total), Packaging May Vary
B0DFR4MG96	Huggies Size 5 Diapers, Snug & Dry Baby Diapers, Size 5 (27+ lbs), 84 Count, Packaging May Vary
B0DJ78TLGK	TOPABYTE Car Neck Pillow for Tesla Model 3 Model Y Model S Model X Cybertruck and Most Cars, Memory Foam Ergonomic Design Seat Neck Support Headrest, 2 Pieces, White
B0F33XGKMB	Hello Bello Premium Diapers Size 5, Main Squeeze & Zesties for The Resties Designs, 48ct Club Box
B0FJRQH135	HOPON 2 Pack 2025 Upgrade Headrest Pillow for Tesla Model 3 Model Y with Adjustable Strap,Fits All Vehicles,Car Neck Pillow with Leather,for Head,Neck,Shoulders,Multipurpose,Car Accessories(White)
B0H1DFK3G5	Prefilled Communion Cup and Wafer Set - Box of 100 Bread and Grape Juice for Holy Communion
B07R18V7LP	GAGALIFE Built in Sink Soap Dispenser or Lotion Dispenser for Kitchen Sink, Brushed Gold ABS Pump Head, with 17 Ounce Large PET Soap Bottle
B0B459LGWR	Spigen One-Tap Hidden Storage Box for Tesla Model Y (2020-2024) & Model 3 (2017-2023) [Not for Model Y Juniper (2025/26) and Model 3 Highland (2024/25)]
B0CJL27HLV	Spigen Lifting Jack Pads for Tesla Model Y Juniper L & 3/Y/X/S [4 Pucks with Storage Case] Tesla Must-Have Accessories Heavy Duty Lift Pucks with Compact Magnetic Case
B0GSSYT4QF	AIRVOLT Cabin Air Filters for Tesla Model 3 & Model Y (20162026) HEPA Filters with Activated Carbon Filtration 2-Pack
B09RN92NFC	3M CLAW 45 lb. Drywall Picture Hangers Variety Pack with Spot Markers, Gray, Heavyweight Hanging for Room Decor and Office Decor, Including Mirrors or Large Art, 10 Wall Hangers, 10 Spot Markers
B0B7ZTM7GS	Zo.Yehaa Masking Tape 3 inch Wide, General Purpose Beige White Painters Tape for Crafts Painting Labeling Edge Finishing, 3inch X 55 Yards
B0BLCR9GBB	3M Claw Drywall Picture Hanger,Silver
B0F1N9M7C7	Meekamar Lawn Sprinkler, 18 Brass Nozzles Garden Water Oscillating Sprinkler for Yard Covers up to 3,600 sq.ft, Heavy Weight Base, Built-in Spray Jet Cleaning Needle
B01D2NTLZG	A+D Original Diaper Rash Ointment Prevents & Treats Diaper Rash, Moisturizing Skin Protectant with Vitamins A & D, Healing Skin Ointment for Dry and Cracked Skin 4oz
B0874XN4D8	Samsung T7 Portable SSD, 1TB External Solid State Drive, Speeds Up to 1,050MB/s, USB 3.2 Gen 2, Reliable Storage for Gaming, Students, Professionals, MU-PC1T0T/AM, Gray
B0D99W7SDT	FRCVESNG Car OBD Power Adapter, PD 30W OBD Male to Type-C USB Female Charger DC1224V OBD Car Charger for Mobile Phones, Dash Camera GPS, Tablets, Radar Detector, DVR
B0F2GMVG7T	Door Stoppers for Bottom of Door Premium Floor Rubber Door Stop Wedge Made in USA Heavy Duty Honeycomb Design for Carpet, Tile, Ideal for Home, School, Commercial, Gray 2-Pack
B0FR9RRYRH	StorageWorks Underbed Storage Containers with Lids, 2-Pack 7" XL Under Bed Organizers for Clothes, Bedding and Sweaters, 73L Low Profile Fabric Storage Bins, Foldable Space Saving, Beige
B0CDBPRDQW	BASENOR Armrest Cover for 2017-2024 Tesla Model Y Model 3 Center Console Cover Non-Slip TPU [No Logo] Protector Armrest Tesla Accessories White (Not Compatible with 2025 2026 Model Y/3)
B0CG2L9X2Q	Spigen Cup Holder Insert Relaxed Grip for Tesla Model Y (2021-2024) & Model 3 (2021-2023) [Not Compatible with Model Y Juniper (2025/26) and Model 3 Highland (2024/25) - (Up to Trenta Cups)
B0CK4Q85RW	Prime Video Ultra
B0CM6CZ8P7	BurtyPokie 2021-2024 Tesla Model Y Center Console Organizer Tray Accessories Compatible with Model 3 (2021-2023) Storage Box Armrest Compartment Insert
B0FGQ3J31K	EQQUALBERRY NAD+ Peptide Boosting Serum | 14 Peptide Serum for Face, Neck & Body | Niacinamide 2% & Vegan Collagen for Anti-Aging, Firming & Lifting | Korean Skincare (1.01 oz / 30ml)
B0GHMSDR8H	Baby Push Walker, Toddler Walking Toy with Detachable Busy Board & Activity Center, Musical Learning Walker for Babies
B0CPDLRCXX	Wigoo Tesla Model Y & Model 3 Screen Protector Matte [No More Glare & Fingerprint] Model Y(2020~2025)/Model 3(2017~2023) Accessories, Tempered Glass Protector with Alignment Kit
B001C7RV70	CRL Polycarbonate Strike and Door "h" Jamb with Vinyl Insert for 180 Degree for 3/8" Glass - 95 in long
B08V1VYHWB	Cczmfeas Boys All Cotton Briefs Underwear Toddler Panties Pack of 6 (4-5T, 6 Pack- Blue)
B0CYX9W5B1	Facial Hair Remover for Women - as Seen on TV Painless Face Shaver - Electric Hair Removal Device for Face Lips Peach Fuzz with Light (Rose Gold)
B0DR2KFD8V	JandCase Night Light,Automatic Night Lights Plug into Wall,Dusk to Dawn,2 Pack Soft White 3000K Brightness Adjustable Nightlight for Kids Bedroom Bathroom Hallway Kitchen
B0FKMH5FB9	REKCKRUL 4-Piece Roundover Router Bit Set - 1/4" Shank, Carbide Inserts for Woodworking, Rounding Edges Bits: 1/8", 3/16", 1/4", 5/16" Radius
B0BCG733FZ	KATA 8PCS Hole Saw Kit 1" to 2-1/8"(25-54mm) Hole Saw Set in Case with Mandrels and Hex Key for Soft Wood, PVC Board, Plywood
B005IHSUIE	Lubriderm Fragrance Free Daily Moisture Lotion + Pro-Ceramide, Shea Butter & Glycerin, Face, Hand & Body Lotion for Sensitive Skin, Hydrating Lotion for Healthier-Looking Skin, 16 fl. oz
B07C24HVXM	Affresh Ice Machine Cleaner, Helps Remove Hard Water and Mineral Buildup for Great-Tasting Ice
B07VC2HWD2	BEAUTURAL Steam Iron for Clothes with Precision Thermostat Dial, Ceramic Coated Soleplate, 3-Way Auto-Off, Self-Cleaning, Anti-Calcium, Anti-Drip Blue
B08Y1BM5M1	The Children's Place Baby Boys And Toddler Boys Pull on Jogger Shorts,Fin Gray/Flax/Tidal 3 Pack,4T
B0F38P5L1M	Ayalinggo Baby Girl 4th of July Outfits Newborn Smocked Bubble Romper Skirt Dress Ruffle American Flag Memorial Day Outfit (Blue Flage, 12-18 Months)
B0G2G6PRJ7	Fernvia Toddler Baby Boy Summer Clothes 2T 3T 4T Animal Print Short Sleeve T-shirts Tops + Drawstring Shorts Outfits (B-Green Fish, 4-5T)
B0GLYLFVY8	Baby Boy 4th of July Outfit Dog Embroidery Toddler Shirts (Red, 4-5 Years)
