B008VM6MXI	Intermatic AG3000 HVAC Surge Protective Device, 120/240 VAC
B0DZ5YSXFK	Sooez Accordion File Organizer, 13 Pocket Expanding File Folders, Letter/A4
B0FDPZ7NYJ	Pantry Moth Traps 10-Pack Safe and Effective for Food and Clothing- Glue Traps with Pheromones for Wool Closet Carpet Food and Cupboard K01
B003O3YXDK	Alba Botanica Acnedote Maximum Strength Face & Body Scrub for Acne Treatment, Blackhead Scrub, 8 Oz
B07116Y581	Purina Pro Plan Complete Essentials Chicken & Rice Dry Dog Food, 47 lb Bag
B0FMR3633N	MOSROAD Beeswax Tea Lights Candles 48 Pack, 4 Hours Clean Burn
0385384807	Richard Scarry's Busy, Busy World
B0CFM9T4JW	BETU Cooling Pillows Queen Size Set of 2, Shredded Memory Foam Pillows Cool for Hot Sleepers, Adjustable Firm Soft Support Bed Pillows Perfect for Back Neck Pain and Side Sleeping with Cover, White
B0FF2YDHNT	Pop up Tent for Kids, Dinosaur Tent, Kids Pop up Play Tent Indoor
B09V2H9LCV	BETU Cooling Pillow Queen Size, Shredded Memory Foam Pillow for Hot Sleepers, Adjustable Firm Soft Support Pillows, Cool Bed Pillows for Side Back Stomach Sleeping Sleepers, gifts for boyfriend, White
B0DC72JBK5	Gooeb Flat Ultra Thin Bed Pillows Standard Size Pillow Set of 2 Extra Soft Down Alternative for Stomach Back Sleeper White 20x26inches
B09YG1DWF5	NUK Small Learner Tritan Cup, 5 oz, 6+ Months BPA Free, Spill Proof Sippy Cup
B0FN7RT5W9	WIHOLL Womens Tops Summer Outfits Fall Fashion Clothing Travel Cruise Essentials Short Sleeve Tshirts Shirts 2026 Trendy Dressy Casual Teacher Black White Stripes L
B0FQNHRKK6	WIHOLL Womens Summer Tops Beach Vacation Clothes Spring Boho Tops Short Sleeve Shirts Business Casual Outfits Basic Tees Ladies Tops and Blouses Basic Tees L
B00L1GHMN0	NOW Foods Supplements, Probiotic-10, 25 Billion, with 10 Probiotic Strains, Dairy, Soy and Gluten Free, Strain Verified, 100 Veg Capsules
B01IQB2UYS	Nutricost Vitamin B12 (Methylcobalamin) 2000mcg, 240 Capsules, Gluten Free
B01MFDA8ZH	Nutricost L-Glutamine Powder 250 Grams
B0DG4WXBCF	MEDITHERAPY Retinal Skin Booster Serum 5.07 fl oz | Retinaldehyde, Niacinamide, Cica | Korean Hydrating Face & Body Serum for Dull, Uneven Skin, All Skin Types, K-Beauty
B0DSPY1SW6	Magnesium Glycinate 400mg High Absorption Capsules with Quercetin | Quality Sleep, Relaxation & Muscle Health Supplement for Women and Men | Chelated Magnesium 120 Count (Pack of 1) | Easy to Swallow
B0071N5DM4	Genuine 00272 SLLC2 Engine Coolant / Antifreeze
B01M7S9C6N	Amazon Basics Slim Velvet Non-Slip Space Saving Suit Clothes Hangers, Closet Organizer, Ivory/Beige, 30-Pack
B08X9WP41J	Hario V60 "Mugen" Plastic Coffee Dripper, Size 02, Clear Black
B0DG1DQ2S7	Anua Azelaic Acid 10 Hyaluron Redness Soothing Serum, Facial Serum for Blemish-Prone & Oily-Prone Skin, Lightweight & Hydrating Blemish Care, Hyaluronic Acid, Korean Skincare, 1.01 fl oz.
B0CMNC1PKY	WIHOLL Womens Tops Spring Tops for Women Cap Sleeve Summer Outfits for Women 2026 Business Casual Outfits Beach Vacation Clothes Fashion Cotton Black White Striped Shirts Cute Tank Top Trendy L
B0CRQVMRWK	WIHOLL Womens Summer Sleeveless Top Basic Tee Short Sleeve T Shirts Flowy Tops Cute Spring Outfits Oversized Tshirts Dressy Casual 2026 Women Clothes Trendy Grey L
B0CZ74XKCZ	Wigoo Tesla New Model Y Accessories Windshield Sunshade [OEM Design, 100% Sun Blockage] Foldable Heat Insulation Sunshade with Storage Bag, for Model Y 2020~2026 (Juniper), Silver Coating
B0GFD84KKJ	Starbucks by Nespresso Vertuo, Pike Place, Medium Roast Coffee 30-count Coffee Pods, Brews 7.8 oz.
B0GX9FVS6X	WIHOLL Womens Summer Tops Trendy Beach Vacation Clothes Casual Cap Sleeve Graphic Tees V Neck T Shirts Spring Fashion Clothing Boho Tops Basic Tees Travel Outfits L
B09CTQXY2F	Piutouyar 48Pcs Round Keyhole Hangers, Picture Frame Shelf Keyhole Bracket Metal Keyhole Hanger Fasteners with Screws (Bronze Tone)
0064440206	Frog and Toad Are Friends
B008RLUXI8	Annie's Organic Variety Pack, Cheddar Bunnies, Bunny Grahams and Cheddar Squares, 12 Pouches, 11 oz
B00GLL9Z76	SunChips Garden Salsa, 7 Oz
B00MHVEBY6	SKIPPY Natural Peanut Butter Creamy Spread, 26.5 oz Jar
B00PFYE44Y	Orville Redenbachers Microwave Popcorn Mini Bags, Movie Theater Butter Flavor, 3g Fiber Per Serving, 1.5 oz., 12-Count
B0198TV3FE	belVita Breakfast Bars Biscuits, Blueberry, Value Pack, 12 Packs (4 Biscuits Per Pack)
B01L25U7ZE	Snack Factory Pretzel Crisps, Sea Salt & Cracked Pepper, 7.2 Oz
B07CX3GRXV	Cinnamon Toast Crunch Breakfast Cereal, Crispy Cinnamon Cereal, 12 oz
B07JBL8P6Q	Bird Feeders for Outdoors (Green) Squirrel Proof Hanging Bird Feeder with Locking Lid & Adjustable Hanger, Chew-Proof, Weather Resistant 15 Inches 6 Port
B085WTJFFD	KIND Mini Snack Bars Variety Pack, Gluten Free, Low Sugar, Low Calorie Snacks, Dark Chocolate Nuts & Sea Salt, Caramel Almond & Sea Salt, 20 Count
B0893CNK3L	Nature Valley Sweet and Salty Nut Granola Bars, Dark Chocolate Peanut Almond, 15 Bars, 18 oz
B08KVJV289	Kettle Brand Backyard Barbeque Potato Chips, 13 Oz 1 bag
B08LGG8CXL	SweeTARTS Ropes, Candy, Watermelon Berry Collision, Soft and Chewy, 9 oz
B08WZHW1Z5	SOUR PATCH KIDS Bites Soft & Chewy Gummy Candy, 12 oz
B0BDTBBHD1	Amazon Grocery, Peanut Butter Filled Pretzels, 24 Oz
B0BLYWNJCQ	Itramax USB C Charger Adapter for Garmin Watch 3Pack,Type C Charging Cable Converter for Garmin Fenix 8 E 7 7S 7X 6 Pro,Forerunner 970 570 965 265 170 165 70,Instinct,Venu X1 4 3,Vivoactive 5 4,Epix
B0CKDLSGYQ	Nature Valley Crispy Creamy Wafer Bars, Peanut Butter Chocolate, 4g Protein, 10 Bars, 13 oz
B0D8WHTNYD	Mini Flower Hair Clip Flower Clips,Colorful Mini Hair Claw,for Women, Girls,Baby, Toddler Bangs Strong Grip Small Tiny Rainbow Hair Clips (50, Matte Colors)
B0D92XQHJQ	Airheads SOUR Candy Bars, Sour Watermelon Punch, Blue Blast, Lemon Berry Squeeze, 9 Bar Movie Theater Box
B0D9KPMLQ2	Kellogg's Froot Loops Breakfast Cereal, Good Source of Fiber, 15g Whole Grains, Giant Size, 23 oz
B0DF5TMVKP	Pop-Tarts Toaster Pastries, Breakfast Foods, Kids Snacks, Value Pack, Fruit Lover's Variety Pack, 20.3oz Box (12 Pop-Tarts)
B0DK4C6SZK	SweeTARTS Halos, Candy, Blue Punch and Strawberries and Cream, Tart and Chewy, Soft and Fluffy, 11 oz
B0DM39JKD3	John Grebble Is Gone
B0FDCNQ3DV	Chex Mix Cheddar Snack Mix, Salty Snacks Tub, 20 oz
B0FNRZCPFM	Nerds, Juicy Gummy Clusters, Strawberry Punch, Juicy and Gummy Candy, 1 Stand up Bag, for Snacking and Sharing, 7.2 Ounce
B0G2BDYLLL	Yecaye 3 Pack 39" Frameless Shower Door Bottom Seal, 3/8" (10mm) Glass Seal Strip, Shower Door Sweep with Drip Rail, Stop Leaks and Create a Water Barrier
B0GHVYJ6TL	Ricafirla Retro Round Polarized Sunglasses for Women, Small Face Vintage Sun Glasses with UV400 Protection, Lightweight Acetate Metal Arms for Driving, Travel White Frame Brown Gradient Lens
B0GP2CPBQX	Chex Mix Sweet and Salty Recipe Snack Mix, with M&Ms Milk Chocolate Candies, Family Size, 13.5 oz
B0GTQ98PC3	RIATOUR Womens Terry Cloth Swim Cover up Polo Collar Bathing Suits Beach Coverups Swimwear with Pockets (OrangeFlowers-M)
B0CVXMZNMS	TAILI Shower Grab Bar, 2 Pack 12 Inch Suction Grab Bars for Bathtubs and Showers for Elderly, Shower Handle for Seniors Bathroom Safety Grip, No Drilling Removable,Grey,G9
B0G7FFTQ11	ZAFUL 2 Piece Swimsuits for Women Bandeau Tankini Top with Skirt Bottom Tummy Control Bathing Suit 0-Orange L
B0FDQSBRT5	Kohree 2000 lbs Trailer Jack with Dual Wheel, 20-24V Cordless Drill Compatible, Heavy Duty Bolt on Trailer Tongue Jack for RV, Boat, Sliver, 12" Lift
B07SCL613T	Huggies Natural Care Sensitive Baby Wipes, Unscented, Hypoallergenic, 99% Purified Water, 12 Flip-Top Packs (768 Wipes Total), Packaging May Vary
B0DFR4MG96	Huggies Size 5 Diapers, Snug & Dry Baby Diapers, Size 5 (27+ lbs), 84 Count, Packaging May Vary
B0DJ78TLGK	TOPABYTE Car Neck Pillow for Tesla Model 3 Model Y Model S Model X Cybertruck and Most Cars, Memory Foam Ergonomic Design Seat Neck Support Headrest, 2 Pieces, White
B0F33XGKMB	Hello Bello Premium Diapers Size 5, Main Squeeze & Zesties for The Resties Designs, 48ct Club Box
B0FJRQH135	HOPON 2 Pack 2025 Upgrade Headrest Pillow for Tesla Model 3 Model Y with Adjustable Strap,Fits All Vehicles,Car Neck Pillow with Leather,for Head,Neck,Shoulders,Multipurpose,Car Accessories(White)
B0H1DFK3G5	Prefilled Communion Cup and Wafer Set - Box of 100 Bread and Grape Juice for Holy Communion
B07R18V7LP	GAGALIFE Built in Sink Soap Dispenser or Lotion Dispenser for Kitchen Sink, Brushed Gold ABS Pump Head, with 17 Ounce Large PET Soap Bottle
B0B459LGWR	Spigen One-Tap Hidden Storage Box for Tesla Model Y (2020-2024) & Model 3 (2017-2023) [Not for Model Y Juniper (2025/26) and Model 3 Highland (2024/25)]
B0CJL27HLV	Spigen Lifting Jack Pads for Tesla Model Y Juniper L & 3/Y/X/S [4 Pucks with Storage Case] Tesla Must-Have Accessories Heavy Duty Lift Pucks with Compact Magnetic Case
B0GSSYT4QF	AIRVOLT Cabin Air Filters for Tesla Model 3 & Model Y (20162026) HEPA Filters with Activated Carbon Filtration 2-Pack
B09RN92NFC	3M CLAW 45 lb. Drywall Picture Hangers Variety Pack with Spot Markers, Gray, Heavyweight Hanging for Room Decor and Office Decor, Including Mirrors or Large Art, 10 Wall Hangers, 10 Spot Markers
B0B7ZTM7GS	Zo.Yehaa Masking Tape 3 inch Wide, General Purpose Beige White Painters Tape for Crafts Painting Labeling Edge Finishing, 3inch X 55 Yards
B0BLCR9GBB	3M Claw Drywall Picture Hanger,Silver
B0F1N9M7C7	Meekamar Lawn Sprinkler, 18 Brass Nozzles Garden Water Oscillating Sprinkler for Yard Covers up to 3,600 sq.ft, Heavy Weight Base, Built-in Spray Jet Cleaning Needle
B01D2NTLZG	A+D Original Diaper Rash Ointment Prevents & Treats Diaper Rash, Moisturizing Skin Protectant with Vitamins A & D, Healing Skin Ointment for Dry and Cracked Skin 4oz
B0874XN4D8	Samsung T7 Portable SSD, 1TB External Solid State Drive, Speeds Up to 1,050MB/s, USB 3.2 Gen 2, Reliable Storage for Gaming, Students, Professionals, MU-PC1T0T/AM, Gray
B0D99W7SDT	FRCVESNG Car OBD Power Adapter, PD 30W OBD Male to Type-C USB Female Charger DC1224V OBD Car Charger for Mobile Phones, Dash Camera GPS, Tablets, Radar Detector, DVR
B0F2GMVG7T	Door Stoppers for Bottom of Door Premium Floor Rubber Door Stop Wedge Made in USA Heavy Duty Honeycomb Design for Carpet, Tile, Ideal for Home, School, Commercial, Gray 2-Pack
B0FR9RRYRH	StorageWorks Underbed Storage Containers with Lids, 2-Pack 7" XL Under Bed Organizers for Clothes, Bedding and Sweaters, 73L Low Profile Fabric Storage Bins, Foldable Space Saving, Beige
B0CDBPRDQW	BASENOR Armrest Cover for 2017-2024 Tesla Model Y Model 3 Center Console Cover Non-Slip TPU [No Logo] Protector Armrest Tesla Accessories White (Not Compatible with 2025 2026 Model Y/3)
B0CG2L9X2Q	Spigen Cup Holder Insert Relaxed Grip for Tesla Model Y (2021-2024) & Model 3 (2021-2023) [Not Compatible with Model Y Juniper (2025/26) and Model 3 Highland (2024/25) - (Up to Trenta Cups)
B0CK4Q85RW	Prime Video Ultra
B0CM6CZ8P7	BurtyPokie 2021-2024 Tesla Model Y Center Console Organizer Tray Accessories Compatible with Model 3 (2021-2023) Storage Box Armrest Compartment Insert
B0FGQ3J31K	EQQUALBERRY NAD+ Peptide Boosting Serum | 14 Peptide Serum for Face, Neck & Body | Niacinamide 2% & Vegan Collagen for Anti-Aging, Firming & Lifting | Korean Skincare (1.01 oz / 30ml)
B0GHMSDR8H	Baby Push Walker, Toddler Walking Toy with Detachable Busy Board & Activity Center, Musical Learning Walker for Babies
B0CPDLRCXX	Wigoo Tesla Model Y & Model 3 Screen Protector Matte [No More Glare & Fingerprint] Model Y(2020~2025)/Model 3(2017~2023) Accessories, Tempered Glass Protector with Alignment Kit
B001C7RV70	CRL Polycarbonate Strike and Door "h" Jamb with Vinyl Insert for 180 Degree for 3/8" Glass - 95 in long
B08V1VYHWB	Cczmfeas Boys All Cotton Briefs Underwear Toddler Panties Pack of 6 (4-5T, 6 Pack- Blue)
B0CYX9W5B1	Facial Hair Remover for Women - as Seen on TV Painless Face Shaver - Electric Hair Removal Device for Face Lips Peach Fuzz with Light (Rose Gold)
B0DR2KFD8V	JandCase Night Light,Automatic Night Lights Plug into Wall,Dusk to Dawn,2 Pack Soft White 3000K Brightness Adjustable Nightlight for Kids Bedroom Bathroom Hallway Kitchen
B0FKMH5FB9	REKCKRUL 4-Piece Roundover Router Bit Set - 1/4" Shank, Carbide Inserts for Woodworking, Rounding Edges Bits: 1/8", 3/16", 1/4", 5/16" Radius
B0BCG733FZ	KATA 8PCS Hole Saw Kit 1" to 2-1/8"(25-54mm) Hole Saw Set in Case with Mandrels and Hex Key for Soft Wood, PVC Board, Plywood
B005IHSUIE	Lubriderm Fragrance Free Daily Moisture Lotion + Pro-Ceramide, Shea Butter & Glycerin, Face, Hand & Body Lotion for Sensitive Skin, Hydrating Lotion for Healthier-Looking Skin, 16 fl. oz
B07C24HVXM	Affresh Ice Machine Cleaner, Helps Remove Hard Water and Mineral Buildup for Great-Tasting Ice
B07VC2HWD2	BEAUTURAL Steam Iron for Clothes with Precision Thermostat Dial, Ceramic Coated Soleplate, 3-Way Auto-Off, Self-Cleaning, Anti-Calcium, Anti-Drip Blue
B08Y1BM5M1	The Children's Place Baby Boys And Toddler Boys Pull on Jogger Shorts,Fin Gray/Flax/Tidal 3 Pack,4T
B0F38P5L1M	Ayalinggo Baby Girl 4th of July Outfits Newborn Smocked Bubble Romper Skirt Dress Ruffle American Flag Memorial Day Outfit (Blue Flage, 12-18 Months)
B0G2G6PRJ7	Fernvia Toddler Baby Boy Summer Clothes 2T 3T 4T Animal Print Short Sleeve T-shirts Tops + Drawstring Shorts Outfits (B-Green Fish, 4-5T)
B0GLYLFVY8	Baby Boy 4th of July Outfit Dog Embroidery Toddler Shirts (Red, 4-5 Years)
B08ST6HP4D	Hockey Tape Multipurpose Cloth Tape Roll for Lacrosse Baseball & Softball Bats, Rackets, Pullup Bars, Gardening Tools, Easy Tear Over Grip - Multi Sport Handle Tape - Sports Gift (Black & White)
B0FVVWJ8N1	HiRui Foot & Ankle Brace 2 Pack, Adjustable Compression Wrap for Men & Women Helps with Sprains, Plantar Fasciitis, Achilles Tendonitis, Arthritis, Running, Sports, Gym Fits in Shoes (White)
B01MS7YUA7	PowerA Joy Con Comfort Grips for Nintendo Switch - Black
B08MKY3L53	Set of 2 - Silver 20x10.00-8 Lawn Mower Tire and Rim
B0D2DHP45F	3 in 1 Magnetic Wireless Charging Station Apple 20W Charger Stand Magnetic Wireless Charger for iPhone 16 15 14 13 12 Pro/Pro Max/Plus/Mini AirPods 2/3/Pro iWatch Ultra/8/7/SE/6/5/4/3/2 (3 in 1)
B0DMB72B29	Not Your Mother's Curl Talk Defining Spray Gel and Defining Cream (2-Pack) - Formulated with Rice Curl Complex - For All Curly Hair Types
0358211786	Little Blue Truck Padded
B0BZTBSWDT	Lalo The Bib - Waterproof, Non-Toxic Silicone Baby Bib with Adjustable Neck Band & Silicone Food Pouch Catcher, Set of 2 - Sage
B0CL7LW2R2	Lalo Smock Bib - Long Sleeve Bib for Infants and Toddlers - Elastic Cuffs, Large Catch-All Pocket, Waterproof Recycled Polyester - Easy to Clean for Mealtime and Art Time - Oatmeal Infant
B0FH9XZ1GT	WELKOR 5oz Mini Milk Frothing Pitcher-Stainless Steel Steaming Jug for Espresso, Cappuccino & Coffee-Heat-Resistant, Dripless Spout, Measurement Scale, Dishwasher Safe (150ml/5oz)
B07DD1LCSJ	Super Z Outlet 12 Pack Firefighter Children's Helmet Party Supplies for Kid's Costume Accessory
B09HSRND9Z	American Greetings Birthday Candles, Long Thin Multicolored (24-Count)
B0F4QRVYCF	Alaeseje 50 Pack Clear Plastic Cups with Strawless Sip Lids,16 oz Iced Coffee Cups with Lids,Disposable PET Crystal Cups,Round Bottom To Go Cup for Iced Coffee Juice Smoothie Cold Beverage
B000S5S1DK	MRS. MEYER'S CLEAN DAY Hand Soap, Made with Essential Oils, Lemon Verbena, 12.5 fl. oz
B002DYIZGC	Optimum Nutrition Micronized Creatine Monohydrate Capsules, Keto Friendly, 2500mg, 200 Capsules (Packaging May Vary)
B07RK4HST7	CeraVe Daily Moisturizing Lotion for Dry Skin, Body Lotion & Face Moisturizer with Hyaluronic Acid and Ceramides, Daily Moisturizer, Fragrance Free, Oil-Free, 19 Ounce
B0812LTR6B	Virbac C.E.T. Enzymatic Oral Hygiene Chews for Dogs, Medium - Plaque & Tartar Control - Single Layer Beefhide with Exclusive Dual-Enzyme System & Tasty Chicken Flavor - Easy to Give Dog Dental Chew
B0CTJMB37K	Good Molecules Pimple Patches for Face, 60 Pack Ultra-Thin Hydrocolloid Acne & Zit Patches, Invisible Under Makeup, Clinically Tested Acne Spot Treatment
B0D8KTPJD4	Natural Pinch Pleated Linen Curtains 84 Inch Length 2 Panels for Living Room Bedroom Textured Cream Ivory Birch Semi Sheer Boho Neutral Back Tab Pinch Pleat Hooks Rings Window Curtain 84 Inches Long
B0FCSG3BLB	60" Trampoline for Kids,5FT Adjustable for Toddler Trampoline with Enclosure Net,Trampolines Indoor/Outdoor with Basketball Ball& Toys for Boys & Girls (Blue)
0307105458	Richard Scarry's A Day at the Fire Station (Pictureback)
B09DSPXPGH	CHRORINE 60 Sheets Tissue Paper Multicolor Art Gift Autumn Wrapping Paper for Thanksgiving Harvest Birthday Party DIY and Craft Decor (Autumn)
B0DN35YCJ1	Firefighter Temporary Tattoos/Safe Non-Toxic/Pre-Cut Easy to Share/Party Favors/Classroom Prizes/USA Company/FDA Compliant (Firefighter 45pk)
B00J5J2HNU	Van der Hagen Deluxe Shave Soap - 2.5 oz - 3 pk
B074H5J3JT	365 by Whole Foods Market, Organic Cardamom Whole, 2.36 oz
B07DXTP9M9	REXBETI 12-Pack Utility Knife, Retractable Box Cutter for Cartons, Cardboard and Boxes, 18mm Wider Razor Sharp Blade, Smooth Mechanism, Perfect for Office and Home use
B016790E7Q	DrTung's Smart Floss - Natural, PTFE & PFAS Free Floss, Gentle on Gums, Expands & Stretches, BPA Free Floss - Natural Dental Floss Cardamom Flavor (Pack of 3)
B09JVQQ99K	Litfun Women's Fuzzy Memory Foam Slippers Fluffy Winter House Shoes Indoor and Outdoor, Chestnut 8
B0DYJQ6M79	250FT Drip Irrigation Kit 2026 New Quick-Connect Micro Irrigation System with 1/4'' 1/2'' Tubing, Locking Nozzle Emitters, Adjustable Misting Sprayers for Gardens, Lawns,Raised Beds and Greenhouses
B0CQPH56BF	HealthA2Z Allergy Relief, Fluticasone Propionate 50mcg, Nasal Spray, 24-Hour Allergy Relief, Nasal Decongestant, Dye Free, 72 Sprays (0.38 fl oz)
B0DP4FD813	Bliwov Womens Summer Tops Cap Sleeve Crew Neck T Shirts Spring Trendy Fashion Outfits Business Beach Vacation Blouses Clothes White
B0FVLKBHM7	Bliwov Womens Summer Tops Cap Sleeve Crew Neck T Shirts Spring Trendy Fashion Outfits Business Beach Vacation Blouses Clothes Khaki
B0B1N5ZS82	Koala Lens Cleaning Cloth | Japanese Microfiber | Glasses Cleaning Cloths | Eyeglass Lens Cleaner | Eyeglasses, Camera Lens, VR/AR Headset, and Screen Cleaning | Blue & Purple (Pack of 6)
B0CT7Y4K6K	Bedsure Pillow Cases Standard Size Set of 4 - White Brushed Microfiber Pillowcases 4 Pack, Super Soft and Cozy Pillow Case Covers with Envelope Closure for Kids, Wrinkle, Fade Resistant, 20x26 Inches
B0CW92T9CH	CML Double Rocker Decorator Light Switch, Dual Single Pole Paddle in-Wall Switch, Self-grounding Electrical On/Off Interrupter, 15A 120V, UL Listed, 1 Pack, White
B0GWJ4FRNT	LEFUGO Electric Knife Sharpener, 3 Speed Max 7000RPM Handheld Sharpener for Kitchen Knives, Electric Knife Sharpening Tool of Portable Cordless Rechargeable 2000mAh (Orange)
0307165485	Richard Scarry's Best Storybook Ever
B00TP1BWMK	Amazon Basics Surge Protector Power Strip, 6-Outlet with 200J Protection, Circuit Breaker, LED Indicator, On/Off Switch, Wall-Mounting, 2ft Extension Cord, White, 2-Pack
B00M46TRNY	Chef Craft Classic Baster with Clear Tube, 11.5 inches in Length, Black
B07FKVS8JS	Goody Kids Ouchless Polyband Hair Ties, 500 Ct, Assorted Colors (Glitter), Latex Elastic Bands, Easy Glide, Ultra-Strong Hold Accessories for Girls & Boys, Secure Hold Ridge Design, All Hair Types
B0DP645F34	COMOMY Baby Changing Pad with Wipeable & Waterproof PU Cover, Contoured Diaper Changing Pad for Dresser with Non-Slip Safety Belt, Portable and Lightweight, Large Cushioned Foam, Beige
B0FMXQMNYZ	doboi 10PCS Baby Girls Headbands Hair Bows Nylon Cotton Linen Hairbands Fine Handmade Hair Accessories for Newborn Infant Toddlers Little Girls-Embroidered Flower
B01M1RO19N	SYLVANIA - 194 Long Life Miniature - Bulb, Ideal for Interior Lighting - Trunk, Cargo and License Plate (Contains 2 Bulbs)
B000YBFJQU	Capri Blue Volcano Scented Candles - Luxury Glass Jar Candles for Home Scented with Tropical Fruit & Sugared Citrus - Soy Wax Blend - Blue Color (19 oz)
B07TNPZRXQ	MATICAN Party Paper Plates, 50-Pack Disposable White and Gold Plates, Foil Polka Dots, 9-Inch
B0GN48GJFM	Godiva Signature Truffles Limited Edition Spring Gift Box, Belgian Dark & Milk Chocolates with Ganache Centers, Gourmet Mother's Day Chocolate Gifts, Kosher, 15 Pc
B0012CM6BG	Gold Solid Round Dessert Plates - 7"( Pack of 20) - Premium Quality & Contemporary Design - Perfect for Elegant Events & Celebrations
B0D2S7KNC1	MONDAY HAIRCARE Moisture Shampoo + Conditioner Bathroom Set (2 Count) 27 oz Each for Dry, Coarse, Stressed, Frizzy Hair, Made with Coconut Oil, Rice Protein, Shea Butter and Vitamin E
B0DWXCMGTX	RUSPEPA 50 Pcs Pink Flower Napkin Paper, 3 Ply Disposable Watercolored Floral with "Happy Mother's Day" Deisgn Cocktail Dinner Paper Napkins for Mother's Day, Tea Party, Garden Party, 5 x 5 Inch
B000S82BX8	Herbatint Permanent Hair Dye For Women - 7N Blonde - For Up To 100% Gray Coverage of Resistant Gray Hair - Ammonia-Free, Alcohol-Free & Vegan - Salon Influenced Hair Color 5.75 fl oz
B07F3VK3R9	Carbbia 16100-ZG9-M12 Carburetor w/Tune up Compatible with Honda GXV140 HR215 HRB215 HRM215 HRC215 6865059 BE52BD Lawnmowers Engines Carb Assembly 6865059 16100ZG9M12 Lawn Mowers
B0BK4ZCN6F	Origins Checks and Balances Frothy Face Wash | Gentle Face Cleanser for All Skin Types | With Mint, 8.5 Fl Oz
B0DSC4XPXC	YWTESCH 8 Pcs CMZST0653 Weedeater String Compatible with Craftsman Weed Wacker, 30Ft 0.065" Trimmer Line Fit for Craftsman CMCST900, CMESTA900, CMESTE920, CMZST98020, CMCST915, CMEST913
B07236SXF8	Warner's Women's Blissful Benefits NO Side Effects Underwire Bra, Toasted Almond, 38C
B0795DP124	ARCTIC MX-4 (incl. Spatula, 4 g) - Premium Performance Thermal Paste for All Processors (CPU, GPU - PC), Very high Thermal Conductivity, Long Durability, Safe Application
B0CQ899B57	Okinos Aqua 3, Micro ATX Case, MATX PC Case with 3 X 120mm 3-Pin ARGB Fan Pre-Installed, Panoramic View Tempered Glass Front & Side Panel, with Type C Port, White
B0DJV49D94	Adidas Women's Barreda Decode, Black/Off White/Gum, 8
B0DZVS1JGK	60th Birthday Napkins Gold - 40 Count 13 Inch Disposable Dinner Napkins for 60th Birthday Party & Anniversary Decorations (Black with Golden Foil)
B0F9T97T6S	Birthday Candles, 1.96 Inch Number 60 Happy Birthday Candles, Number Candles Decoration for Birthday Party and Anniversary Celebration(Champagne Gold)
B0FZSRRJTN	Roetyce 60th Birthday Decorations Women Men, Cheers To 60 Years Banner Centerpieces Hanging Swirls, 60th Birthday Party Supplies for Dad Mom, Vintage 1966 60 Years Old Party Photo Backdrop Background
B0051QFSCI	Ultra Clarity Powered by Nano Magic Eyeglass Lens Cleaning Spray 7oz Value Pack | 1oz Spray, 6oz Refill, Microfiber Cloth | For Glasses, Phone, Electronic Screens, Optic Surfaces, Coated Surfaces
B01B0M9XCC	Sylvania LED Light Bulb, 60W Equivalent A19, Efficient 8.5W, Medium Base, Frosted Finish, 800 Lumens, Soft White - 4 Pack (73888)
B0B9X6CQJV	FYY Daily Pill Organizer, 7 Compartments Portable Pill Case Travel Pill Organizer,[Folding Design] Pill Box for Purse Pocket to Hold Vitamins,Cod Liver Oil,Supplements and Medication-Clear
B0CB97R25C	all Fabric Softener Dryer Sheets for Sensitive Skin, Free Clear, 195 Count
B0CYH2V9Q1	AMOOS Cute Pill Dispenser with 7 Large Compartments, Portable Pill Bottle Organizer with Wide Opening for Easy Use, Anti-Mix Pill Organizer for Travel, BPA-Free Pill Container, White
B0G1357F8D	AUTOMET Womens Spring Top Summer Short Sleeve T Shirt Business Dressy Casual Blouse Henley V Neck Sweater Loose Fit Tee Tunic Black L
B000ALLJW2	Bona Multi-Surface Floor Cleaner Refill - 128 fl oz - Unscented - Refill for Bona Spray Mops and Spray Bottles - Residue-Free Floor Cleaning Solution for Stone, Tile, Laminate, and Vinyl Floors
B01LTHYWB0	Colgate Whitening Toothpaste for Sensitive Teeth, Enamel Repair and Cavity Protection, Fresh Mint Gel, 6 Oz (Pack of 3)
B0CG1LGWR6	LISEN USB C to USB C Cable, 240W C to C Cable Fast Charging [6.6FT, 2 Pack] Type C Charger Fast Charging USBC to USBC Cable for iPhone 17 16 15 Pro Max iPad MacBook Neo Air Pro Samsung S26 S25 Ultra
B002RWJ7YO	Dockers Men's Solid Suspender ,Black,
B0054LHI5A	Burt's Bees Lip Balm - Original Beeswax, Lip Moisturizer With Responsibly Sourced Beeswax, Tint-Free, Natural Origin Conditioning Treatment, 4 Tubes, 0.15 oz.
0310243157	Boundaries with Kids: How Healthy Choices Grow Healthy Children
B0C6GSBWTV	COZYBONDER Toddler Airplane Bed, Kids Airplane Seat Extender Travel Bed, Kids Airplane Travel Essentials, Airplane Must Have for Toddlers, Portable Plane Foot Rest for Flights
B00HV8TWNA	Olay Beauty Bar, Ultra Moisture,10x More Moisturizers, Nourishing Conditioners, Smooth & Gentle on Skin, Vitamin B3 Complex, For All Skin Types, Shea Butter Scent, 3.17 oz, (Pack of 12)
B0CXXJ4WGN	Bluearks 14Pcs Compatible with Dreame L10s Ultra Gen 2/X50 Ultra/L40 Ultra Robot Vacuum,3.2-Liter Large Capacity Activated Carbon Adsorptio Bags,Four-Layer Sealed Disposable dust bag,9 Week
B0FVRJ578R	Bliwov Womens Summer Tops Cap Sleeve Crew Neck T Shirts Spring Trendy Fashion Outfits Business Beach Vacation Blouses Clothes
B0G12ZHG1L	AUTOMET Womens Spring Top Summer Short Sleeve T Shirt Business Dressy Casual Blouse Henley V Neck Sweater Loose Fit Tee Tunic Apricot L
B007I6TGAE	Twinings Nightly Calm Herbal Tea Individually Wrapped Bags, 20 Count (Pack of 1), Spearmint & Lemongrass, Naturally Caffeine-Free, Enjoy Hot or Iced, 20 Teabags
B07XXSYLL8	ThermoPro Digital Instant Read Meat Thermometer for Grilling Waterproof Kitchen Cooking Food Thermometer with Ambidextrous Backlit for BBQ Grill Smoker Oil Fry Candy Thermometer
B0CJLLTXDR	TAZO Organic DREAM Herbal Tea Bags, Caffeine-Free Bedtime Tea, Relaxing Chamomile and Lavender Blend, 16 Total Tea Bags
B0BRSP269C	SUUFOO Recoil Starter Replacement for Honda GXV140 GXV160 Engine HR215 HRB215 HRM195 HRM215 28400-ZG9-802 28400-ZG9-803
B0D19PJJXC	Adam Baker Men's MT001 Slim Fit Tuxedo Shirt, Laydown Collar, 17.5 4-5
B0CXPRMNWF	Quico Hair Straightener, 110-240V Global Travel Hair Straighteners for Women, 15s Fast Heating, Professional Negative Ion Flat Iron, Temp Memory, 320-450, Auto-Off, with Glove and Clips, Gift, Pink
B01MTXZKMH	Flonase Sensimist Allergy Relief Nasal Spray for Non-Drowsy, 24-Hour Multi-Symptom Allergy Relief 60 Sprays
B08TVVCXSG	Extra Thick Toilet Wax Ring Kit Include Closet Bolts, Bolt Caps, Thick Flange and Retainer Washers, Fits 3 Inch and 4 Inch Waste Lines for Toilet Gas Odor and Watertight Sealing
B0CX5CSVHT	Cooperwin Travel Fan for Sleeping, 6.8" Small Portable Fan Rechargeable Battery Powered, 100 Speeds Personal Mini Desk Fan for Office Bedroom, Cruise Ship Beach Vocation Travel Essentials, White
B01CQNXPPU	JEDFORE 10pcs Artificial Lemons Simulation Lifelike Lemons Fake Fruit for Home Kitchen Wedding Party Decoration Photography (Big Size, Yellow)
1546008152	Battlefield of the Mind (30th Anniversary Edition): Winning the Battle in Your Mind
0063256282	Cranky: A Hilarious Picture Book About Big Trucks and Big Feelings (Cranky and Friends)
B004INGS8S	Orbit 62061Z 1-Outlet Programmable Digital Hose Watering timer
B01HJM6AY6	Dawn Platinum Powerwash Dish Spray, Dish Soap, Fresh Scent, 16 Fl Oz
B079QSZ8HD	Hape Sand and Beach Toy Watering Can Toys, Green
B07CYS3L4D	Douhoow Newborn Baby Girls Romper Ruffle Jumpsuit Bodysuit One-piece Cotton Linen Outfits Clothes (Purple,6-12 Months)
B07RJ7PCHR	All Mighty Pacs Laundry Detergent, Free Clear for Sensitive Skin, Tub, 60 Count
B0C6FN74CH	Burt's Bees Baby Boys' Underwear Set - Breathable 100% Organic Cotton Undies - Solids, Stripes and Prints Designs, Pack of 5 Tag-Free Comfort Briefs with Sizes for Toddler Boys 2T to 8 Years Old
B0CJNKBN4X	doboi 10PCS Baby Girls Headbands Hair Bows Nylon Cotton Linen Hairbands Handmade Hair Accessories for Newborn Infant Toddlers Little Girl and Kids 3.5Inches
B0CKY41931	Best Pet Supplies Interactive Squeaky Dog Chew Toy, Ideal Dog Toys for Chewers, Small, Medium & Large Dogs, and Fetch Lovers - Bunny (Beige), Large
B0CN9RGM1V	Dixie Small Paper Bowls, 10 Oz, 72 Count, Microwave-Safe, Soak-Proof, Disposable Bowls Great For Snacks, Dessert, And Light Lunch Meals
B0CRVFVBLL	Newborn Baby Girl Bodysuit Sleeveless Halter Frill Romper One-piece Jumpsuit with Headband Summer Clothes Set (E Plaid Green, 6-12 Months)
B0CZ7XKKTC	UVUXO Cars and Trucks Temporary Tattoo for kids - 10 Sheets Cars Construction Tractor Temporary for Girls Boy Body Arm Shoulder Cute Tattoos Stickers, Birthday Party Supplies Gifts for Kids
1433566133	Gentle and Lowly: The Heart of Christ for Sinners and Sufferers
B00V6RWTPU	Men's Formal Satin Bowtie and Cummerbund Set - Black, By S. H. Churchill
B0F8C561WL	LockNLube Grease Gun Coupler locks onto Zerk fittings. Grease goes in, not on the machine. The original locking grease coupler. Rated 10,000 PSI. Long-lasting rebuildable tool.
006280197X	Homebody: A Guide to Creating Spaces You Never Want to Leave
B085HC5LYP	PURA D'OR 16 Oz ORGANIC Aloe Vera Gel - Unscented - All Natural - ZERO Artificial Preservatives - Deeply Hydrating & Moisturizing - Sunburn, Bug Bites, Rashes, Small Cuts, Eczema Relief - Skin & Hair
B0BQ3JK95V	LaVie Home 20x28 Poster Frame Black, Display Pictures 18x24 with Mat or 20x28 Without Mat, Stable and Sturdy Picture Frame with Polished Plexiglass, Horizontal and Vertical Format of The Wall1 Pack
B0F3DJZG2G	BOKUFLY Jesus Plush Doll Jesus Plushie Stuffed Toy Christian Stuff Religious for Kids Christening Easter 14.2" (Blue)
B075RRQGXJ	Easyoulife Womens Credit Card Holder Wallet Zip Leather Card Case RFID Blocking (Black)
B07MQ41V3L	EEMB 5-Pack CR1632 Battery CR1632 Lithium Battery 3V CR 1632 Li-MnO Button 1632 Batteries ECR1632,DL1632 Replacement
B07QKBJG9Z	Easyoulife Credit Card Holder Wallet Womens Zipper Leather Case Purse RFID Blocking (Silver)
B087213LB3	WARRKY USB C to HDMI Cable 4K 60Hz[Anti-Interference, Gold-Plated Plugs] Aluminum HDR Type-C to HDMI 2.0 Cord, Thunderbolt 3/4/5 Compatible for iPhone 15/16 Series, MacBook, iMac, iPad Pro, Galaxy-6ft
B0BKL2HM4H	HDMI Switch 2 in 1 Out 4K@60Hz, WARRKY[with 3.3ft Fixed Braided HDMI Cable, Aluminum Case, 2K@144Hz, HDCP 2.2] Bidirectional 2x1 Switcher Splitter Compatible for PS5/4, Xbox, Roku, FireStick, Switch
B0DL6L189W	Magic Keyboard with Touch ID and Numeric Keypad for Mac Models with Apple Silicon - US English - Black Keys
B0G1YMLFSZ	Comulytic Note Pro AI Voice Recorder, Unlimited Transcribe & Summarize, AI Note Taking Recording Device w/Case, App Control, 113 Languages for Calls, Meetings, Lectures, Interviews, Silver
B0G241ZP3B	LISEN Qi2 15W Ultra Slim MagSafe Battery Pack,5000mAh Fast Charging MagSafe Power Bank Slim Wireless,Travel Essentials Magnetic Portable Charger,Magnetic Power Bank for iPhone Air/17/16/15-12 Series
1906173419	The Freedom of Self Forgetfulness: The Path to True Christian Joy
B0CCJPGYC2	JETech Screen Protector for iPhone 15 Pro Max 6.7-Inch, Tempered Glass Film with Easy Installation Tool, Case-Friendly, HD Clear, 3-Pack
B0DH2B6RCF	SYENGKKY Bluetooth 5.4 Transmitter Receiver - 2-in-1 Bluetooth Wireless Audio Transmitter for Headphones or BT Devices - 3.5mm Audio Jack Adapter for TV, Airplane, Car, PC, Gym Equipment, Switch
B0DF7M15FS	upsimples 12x16 Frame, Natural Solid Wood Picture Frames, Display 8.5x11 with Mat or 12 x 16 Without, Vertical & Horizontal Wall Hanging, 1 Pack, Natural
B00JEE7HI6	Palmer's Skin Success Anti-Dark Spot Fade Milk Body Lotion, 8.5 Ounce
B0CNBTDN3W	Dr.Melaxin Necksphalt ECM Barrier Ampoule for Anti-Aging Neck Skin, Tightening and Wrinkles for an Even Skin Tone and Neck Lift, 1.5ml*10ea
1616773022	Adult Piano Adventures: All in One Course - Book 1 | Faber Beginner Method Piano Book for Adults with Chords and Music Notation | Piano Sheet Music and Theory for Self Learners With Digital Audio
B0F8PYMNP9	Replacement Parts Accessories Kit for eufy robovac 11S, 12, 15T, 15C, 25C, 30, 30C, 35C Slim Carpet Robotic Vacuum, 1 Roller Brush, 4 Filters, 4 Side Brushes, 1 Pre Filter, 1 Cleaning Brush
B00BH37IBI	Dapple Refill Pack Baby Bottle and Dish Liquid, Fragrance Free, 33.8 Fluid Ounce
B0CGVMJQXZ	MONDAY HAIRCARE MOISTURE Shampoo with Hyaluronic Acid & Shea Butter for Dry & Dull Hair 798 mL
B0CM3BSJ95	Amazon Basics Soft and Strong 2-Ply Toilet Paper, 6 Ultra Rolls = 24 Regular Rolls, Unscented, 340 Sheets per Roll, Septic Safe
B0D3J9JT8J	ONE WITH TEA Ceremonial Matcha Powder USDA Organic 2oz Authentic Japanese Green Tea, Made in Japan | Perfect for Matcha Latte, Smoothies, Hot & Iced Drinks
B0FX5LZTDH	3-in-1 Furniture Salve for Leather & Wood Polisher, Conditioner, & Restorer for Couches and Furniture- Leather Repair Salve with Brush & Buffing Pad- 5oz
B08723BNCQ	Turquoize Stretch Futon Cover Full Size Armless Sofa Bed Cover Futon Couch Cover Furniture Protector with Elastic Bottom Feature Thick Soft Checked Jacquard Fabric, Machine Washable, Biscotti Beige
B0B6PLG6G2	Air Fryer Paper Liners, 125Pcs Parchment Paper, Air Fryer Liners Disposable for Microwave, Non-Stick Air Fryer Liner Square Free of Bleach (8IN)
B002L3T9YM	Sassy Ring O Links 9 Piece Set, Links for Stroller or Carrier Seat, 0+ Months
B003N9M6YI	Nuby Ice Gel Teether Keys - Silicone Soothing Baby Teether Toys for Infants - Gentle for Sore Gums Colorful and Fun Toys - Safe and Durable Infant Baby Teething Toy - Blue
B008J1QP7Y	Bright Starts Oball Shaker Rattle Toy, Ages Newborn Plus
B08HZG3DSD	ZENGATE Retainer Cleaner Tablets - Quick 3-Minute Clean for Dentures, Mouth Guards, Aligners, and Night Guards - 120 Dental Cleansing Tablets - FSA HSA Approved Dental Appliance Cleanser
B09NP2621K	Dr. Brown's Ridgees Giraffe, Massaging Baby Teether, Designed by a Pediatric Dentist, BPA Free, 3m+
B0FMXH5V5P	Mini Tudou Baby Toys 6-12 Months-Fruits Veggies Farm Stuffed Toys 15PCS-Sensory Educational Toy Mushroom Carrot with Rattle Squeaker Crinkle Texture Color Shape Number Matching Gifts
B0FC5WQML8	VTECHOLOGY Baby Teething Rings Toys for 0-6 6-12 Months Baby Rattle Teether Sensory Toys for Babies 0-24Months Silicone Teether Relief Chew Soothing Sore Gums for Newborn Infant Essentials BPA Free
B0FHKN2RXJ	iPlay, iLearn Baby Shaker Rattle Toy, Babies Teething Sensory Toys 3-6-12 Month, Infant Development Tummy Time Animal Rattles Set, Newborn First Birthday Gift 4 5 7 8 9 10 Month Old Toddlers Boy Girl
B0CKK46WJW	Mal-A-Ket Plus Triz EDTA Flush for Dogs and Cats, 4 oz
B003JT8PKQ	Lubriderm Daily Moisture Lotion + Pro-Ceramide, Shea Butter & Glycerin, Hydrating Face, Hand & Body Lotion, 24-hour Moisturizer for Dry Skin, Paraben & Dye Free, Scented, Non-Greasy, 24 FL OZ
B07B8BSGPL	Physician's CHOICE Probiotics for Women - PH Balance, Digestive, UT, & Feminine Health - 50 Billion CFU - 6 Unique Strains for Her - Organic Prebiotics, Cranberry Extract+ - Women Probiotic - 30 CT
B0C3KX41YZ	Vantage Apparel Men's Collegiate Micro Mesh Performance Gray 1/4 Zip Pullover, Vanderbilt Commodores, Gray, X-Large
B0F9JM2WZZ	VEIZEDD 40Pcs Gingham Party Supplies 10"x12" Oval Green Paper Plates - Large Pastel Dinner Plates St Patricks Plates Heavy Duty for St Patricks Picnic Birthday Baby Shower
B016UZX1P4	Band-Aid Brand Sterile Adhesive Individually Wrapped Bandages for Kids Featuring Nickelodeon Paw Patrol Characters, First Aid & Wound Care of Minor Cuts & Scrapes, Assorted Sizes 20 ct
B08LQNW75X	Crayola PAW Patrol Coloring Book (288pgs), Kids Coloring Book Pages & Stickers, PAW Patrol Gift, Travel Activity, Toddler Toys, 3+
B0CT2PL3CN	Mitclear Window Cleaner with Long Handle(57IN), Glass Cleaning Tools with Silicone Squeegee & Microfiber Scrubber, Window Cleaning Kit for Shower Glass Mirror Door Car
B0DBLQ2N3P	PAW Patrol, Skyes Helicopter, Toy Vehicle with Collectible Action Figure, Sustainably Minded Kids Toys for Boys & Girls Ages 3 and Up
B071ZRMH6M	Simple Joys by Carter's Baby 3-pack Snap-up Rompers, navy dot/pink stripe/yellow dot, 6-9 Months
B00TFYT02G	GORILLA SUPPLY 1000 Dog Poop Waste Bags with Dispenser and Leash Tie, 9" x 13", Blue, 1000 Count
B08G1CSJC2	Premium Kitchen Towels (20x 28, 6 Pack) | Large Cotton Dish Towels | Flat & Terry Highly Absorbent Kitchen Linen Set with Hanging Loop | Wide Stripe Sage Green
B0FMPZWT3K	2-Pack Dog Food Scoop Set,1 Cup and 2 Cup Plastic Pet Food Measuring Scoops with Clear Measurement Lines,Multi-Purpose Pet Food Scooper for Dogs, Cats (Black)
B09DD6F7M6	Normcore 53.3mm Puck Screen - Lower Shower Screen - Metal Contact Screen for Espresso 54mm Portafilter Filter Basket - 1.7mm Thickness 150m - 316 Stainless Steel
B0D54VT62S	Aurora Adorable Peanuts Palm Pals Woodstock Stuffed Animal - Officially Licensed Toys for All Snoopy Fans - Nostalgic Gift for Adults and Birthday Celebrations - Yellow 5.5 Inches
B0DG8NRHQQ	WDT Tool_0.35mm * 8 Polished Needles for Espresso Distribution_Easily Clip on Espresso Machine, Compatible with DeLonghi & Breville_Coffee Station for Home Barista
B0DJ3G25GQ	Method Foaming Hand Wash, Coconut Water, 10 ounce (Pack of 3)
B0F4RK1NCL	Feilair 54mm Espresso Tamper, Triple Spring Loaded Tamper, Coffee Tamper with Stainless Steel Ripple Base, Self Leveling Tamper for Barista, Compatible with 53mm/54mm Breville Portafilter
B0FHWFW6KL	Scrub Brush with Long Handle, Floor Scrub Brush Squeegee Broom for Cleaning, 3 in 1 Shower Scrubber Floor Broom Squeegee for Concrete Tile Wall Deck Patio White
B0C99LGMTS	54mm Portafilter Compatible with Breville BES870/878/880/876 Series,Espresso Double Spouts Portafilter with 3 Ear & Stainless Steel Basket
0814407889	Generating Buy-In: Mastering the Language of Leadership
B09N9ZQWQS	Eden 96213 Essential Turbo Oscillating Water Sprinkler, Covers Up to 3,600 sq. ft., 16 Nozzles, Weighted Base, Adjustable Range, Quick Connect Bundle, Dark Grey, Red, Silver
B0CYC6NLLQ	AUTOMET Women's Loose Fit Cap Sleeve Top, Comfort Crewneck Casual T-Shirt for Summer Black XL
B0D2Y729ZV	AUTOMET Women's Loose Fit Cap Sleeve Top, Comfort Crewneck Casual T-Shirt for Summer Bluegreen L
B0FFGH4CYY	Runnin' Down a Dream: How to Thrive in a Career You Actually Love
B0FXLR31MD	PhyLence 50 Pcs Red Gingham Oval Paper Plates 10" x 12.5" Checkered Pattern Disposable Plates for BBQs, Picnics, Outdoor Parties, and Summer Gatherings
B0GCC5Y7P3	Hello Bello Premium Fragrance-Free Baby Wipes, with Chamomile & Aloe Extracts for Sensitive Skin - 9 Resealable Packs = 540 Total Wipes
B07J2ZN2F5	Coolant Reservoir for TOYOTA 4RUNNER/GX460 2010-2018 with Cap
B08BRJHJF9	USANOOKS Microfiber Cleaning Cloth Grey - 12 Pcs (12.5"x12.5") - High Performance - 1200 Washes, Ultra Absorbent Microfiber Towel Weave Grime & Liquid for Streak-Free Mirror Shine - Car Washing Cloth
B09B723N8G	skysen 14" Fence gate Spring self Closing and Adjustable for Wooden or Vinyl Fence,Carbon Steel,Black(gate spring-14)
B0D1QZMZKR	NUOSWEK Digital Timer Waterproof Shower Timer Shower Clock Bathroom Kitchen Timer with Strong Magnet and Large LCD Display (Waterproof 7 Key)
B08GX54DVQ	ENERLITES Double Decorator Switch Cover, Two Outlet Wall Plate, Oversized 2-Gang 5.50" x 5.50", Unbreakable Polycarbonate Thermoplastic, UL Listed, 8832O-W, White
B0FDZVHJ35	omee Nylon Sport Band Compatible with Whoop 5.0 Bands One, Peak and Life, Breathable Nylon Adjustable Waterproof Replacement Wristbands Straps for Whoop Band 5.0 Not Compatible with Gen 4
198214968X	Hunt, Gather, Parent: What Ancient Cultures Can Teach Us About the Lost Art of Raising Happy, Helpful Little Humans
B0D7WZHDJ2	Indigo Wild Zum Clean Laundry Soap - Plant-Based Liquid Laundry Soap - Contains Baking Soda, Essential Oils & Saponified Coconut Oil - Amber - 64 fl oz
B0BRTBN9PB	TIGI Bed Head Resurrection Hair Repair Shampoo and Conditioner Set for Dry and Damaged Hair, Maximum Strength with Resurrection Plant, 25.36 fl oz
B07GDN51MD	Dealmed Hydrogen Peroxide 3% USP | Made in USA | First Aid Antiseptic | 16 fl. oz. (1)
B0CJCXLDSP	ARM & HAMMER Baking Soda Made in USA, Ideal for Baking, Pure & Natural, 2.7lb Bag
B0D9QKT25K	Opewod Baby Boy Girl Knit Cardigan Sweater Soft Warm Crochet Round Neck Long Sleeve Coat Toddler Outwear Fall Winter Clothes Green 6-9 Months
B0DFNCG8TB	Huggies Size 3 Diapers, Snug & Dry Baby Diapers, Size 3 (16-28 lbs), 34 Count, Packaging May Vary
B0DGSQ62FC	eoscasely Baby Closet Divider, Baby Wardrobe Organizer, Double-Sided Design, Nursery Decor Clothes Hanger Dividers for Sorting 8 Sizes from Newborn to 12+ Months (Earth stone)
B0F9WRMXJ4	Bafeicao Baby Boy Girl Sweatshirt Romper Organic Cotton Solid Color Long Sleeve Bubble Romper Oversized Warm Fall Winter,Green,3-6M
B000GIQS0W	Optimum Nutrition Micronized Creatine Monohydrate Capsules, Keto Friendly, 2500mg, 300 Capsules (Packaging May Vary)
B01LPSGBZS	BN-LINK BND-60/U47 Indoor Mini 24-Hour Mechanical Outlet Timer, 3-Prong, 2-Pack
B0FG1TFZ1B	Dual Digital Kitchen Timer for Cooking, 199 Minutes Countdown & Stopwatch, Productivity Timer for Fridge, Big Digits, High-Definition Display, Rotary Adjustment, 3 Volumes, 2 Brightness Levels, Black
B08F7HGKVJ	simplehuman Code Q 100 Count, Dispenser Pack Custom Fit Liners, Drawstring Trash Bags, 50-65 Liter / 13-17 Gallon, White
B0DCRSHFW8	2 Pack Outdoor Faucet Covers for Winter, Heavy Duty Faucet Spigot Covers Winter Insulated, Reusable Outdoor Faucet Covers Hose Bib Covers for Winter Freeze Protection (Red)
B0002DJOOI	Gamma2 Vittles Vault Pet Food Storage Containers - Sealed Dog and Cat Food Storage Container, Fits up to 50lbs, Made in the USA - [14"L x 20"H]
B095JH925B	Pillowflex Synthetic Down Pillow Insert - 14x48 Down Alternative Pillow, Ultra Soft, Large Rectangle Body Sleeping Pillow, Lumbar, Long, Back - 1 Decorative Pillow Form
B0BT23B9NH	KMC 6-Outlet Surge Twist Cord Reel Retractable Power Strip Surge Protector, 1085J Surge Protection, 8ft 14/3 Retractable Extension Cord, 3-Prong Low-Profile Flat Plug, UL/ETL Certified, Gray
B0DZ2RK999	Magnetic Portable Charger 5000mAh with 15W Wireless & 20W PD Fast Charging,Ultra-Slim Travel-Ready Design,LED Display & Premium Metal Shell,Compatible with iPhone 16/15/14/13 Pro/Pro Max/Plus
B0FFH3BQXW	Stouchi USB C to Magnetic 3 Cable 6.6ft, [Upgraded] 140W Fast Charging for MacBook Pro (16"/14" 2024/2023/2021), Air (15''/13'' M4 2025, M3 2024, M2 2023, M2 2022),Premium Braided Cable-Black
B001LNN17O	Jet Lag Remedy - Business & Vacation Homeopathic Travel Aid Trusted for Over 18 Years - Immune Circadian Rhythm - Fatigue Exhaustion Tired - Insomnia Covers 48hrs Flying Time - 30 Chewables
B0DNMVYKYY	falianni Baby Boy Girl 10 Piece Combined Type Clothing Set Cotton Baby Bodysuits and Pants Set Home Outdoor Infant Clothes
B0CLRM6GR7	Antique Gold Paint Metallic Acrylic, Gold Leaf Touch-Up Paint for Wood, Metal, Arts & Crafts, Home & Wall - Water-Based, Non-Toxic, Odorless, Non-Fading Formula for Long-Lasting Brilliance(1 Fl Oz, Bronze)
B00C4TSBC4	Granite CPR Cleaner & Polish Can Be Used Daily On Granite, Marble, Quartz & Corian. Leaves A Gorgeous Streak-Free Shine & Silky Smooth Finish. Cleans & Polishes All Stone Countertops In One Easy Step.
B07S38T639	RED by KISS Quick Cover Root Touch Up Rescue (Dark Brown 2 Pack), Mascara Natural Water-Resistant Temporary Gray Concealer Cover Up Brush for Hair Mustache & Beard, Formulated with Jojoba Oil
B081QK9539	Nexxus Clean and Pure Clarifying Shampoo With ProteinFusion, For Nourished Hair Paraben-Free 13.5 oz
B0BBR8BC5Z	Mini Portable 24x38 Fitted Crib Sheets Compatible with Dream on Me, Delta Porta Crib and Arms Reach Ideal Cosleeper 100% Jersey Cotton Beige + Rusty Brown 2 Pack
B0DCK5RCP2	KeaBabies Organic Cotton Burp Cloths Baby Girl, Boy - 6-Pack Large Burping Clothes for Babies, Spit Up Rags, Super Soft & Absorbent Newborn Wash Towels, Gender Neutral, Non-Shrink (Stria, Terracotta)
B096J86JH1	Vlando Medium Makeup Cosmetic Organizer Case Portable Storage Bag with Adjustable Dividers for Makeup Brushes Girls Women Friend Black
B0FC6P27V5	Quico Travel Hair Dryer Dual Voltage, 120000 RPM Brushless Motor Fast Drying Hair Dryers for Women 500 Million Ionic, Thermo-Control Foldable Blow Dryer with Cold, 3 Heat & 3 Speed Settings for Globle
B0FZ96QFMQ	Large Curling Iron 2 Inch,Large Barrel Curling Iron for Long Hair,Dual Voltage Curling Iron 110-240V with European Plug,Curling Wand with Clamp for Loose Curls,5 Temp Digital Display,Temp Lock
B0G2C152B2	Travel Blow Dryer Brush, 4-in-1 Auto Dual Voltage (100-240V) Hot Air Brush, 2 Inch Mini Hair Dryer Brush & Styler for Voluminous Smooth Hair, Lightweight with EU/UK Plug for Home & Salon(Gold)
B0CNVF4S3S	khtumeware 10 Pack Backplate for Cabinet Knobs Polished Nickel Cabinet Hardware Knob Backplate/Back Plate
B0F7F3FVPS	khtumeware 10 Pack 1-1/2 Inch Diameter Polished Nickel Cabinet knobs with Backplate,Vintage Backplate for Cabinet knobs and Drawer knobs, Bi-Fold Door Knobs
B004JEV0FC	NIN JIOM PEI PA KOA (Herbal Formula) 300ML, Herbal Dietary Supplement with Honey and Loquat - Soothing Throat
B0C1RR5GZ5	Swiffer Power Mop Refill Solution, Floor Cleaner for Mopping Tile, Vinyl, Laminate, Wood in Home, Bathroom, Kitchen, All Purpose Multi-Surface Solution for Floor Cleaning, Lavender Scent, 50.6oz
B0CH2ZPYYP	Bona Multi-Surface Floor Cleaner Refill - 128 fl oz - Lemon Mint - Residue-Free Floor Cleaning Solution refill for Spray Mop and Spray Bottles - For Use on Stone, Tile, Laminate, and Vinyl Floors
B07BGLT25K	Scott ComfortPlus Toilet Paper, 12 Double Rolls, 231 Sheets per Roll, Septic-Safe, 1-Ply Toilet Tissue
B0DWJS91SF	Boboking Toddler Boys Potty Training Underwear Truck Dino Briefs Size 3 Gray Green
B0001VU13O	Solaray Calcium Citrate 1000mg - Chelated Calcium Supplement - Supports Bone Strength and Healthy Teeth - Easy to Digest - Vegan - 30 Servings, 120 VegCaps
B0CRT1BW31	Hot Wheels BoxerBriefs and Briefs available in Sizes 2/3T, 4T, 4, 6, 8 and 10
B0D325YNZK	Hot Wheels Blue Race Car Potty Training Toilet, Race Car Potty Seat Includes Detachable Toddler Toilet Seat and Kids Potty, Ages 12 Months and Up
B002YLV8ZE	OOK by Hillman 533864 ReadyNail Large Sawtooth Gold Picture Hanger 2 Pack
B0B7JNW416	Orighty Burp Cloths for Baby 8 Pack - Super Soft & Absorbent Coral Fleece Baby Burp Cloth, 20x10 Inch Gentle Large Burping Rugs for Babies Sensitive Skin, Burping Cloths for Newborn Essential, White
B0CVMSXH2N	Dr Teal's Aluminum Free Deodorant, Coconut Oil with Essential Oils, 2.65 oz (Pack of 3)
B07JHXTKZD	DHEA 100mg | 180 Capsules | Max Strength 6 Month Supply | Third Party Tested | Hormone Balance & Healthy Aging by Double Wood
B0BJ682ZKT	soundcore by Anker Space Q45 Adaptive Active Noise Cancelling Headphones, Reduce Noise by Up to 98%, 50H Playtime, App Control, LDAC Hi-Res Wireless Audio, Comfortable Fit, Clear Calls, Bluetooth 5.3
B004YKSXYW	A Little History of the World (Little Histories)
B0C6PDYXYJ	BISELINA French Linen Wrap Around Bed Skirt with Pleated Corner 18-Inch Tailored Drop Natural Flax Cotton Blend Basic Soft Cozy (18" Queen, White)
B0CH47DYR9	Bluey Soft Potty Seat - Potty Training Toilet Seat, Soft Cushion, Baby Potty Training, Safe, Easy to Clean
B0CN971L5F	khtumeware 10 Pack 1-3/8 inch(35mm Polished Nickel Cabinet Knobs Dresser Knobs Oval Drawer Knobs Kitchen Cabinet Hardware Zinc Knobs for Dresser Drawers
B0F3XNZSFX	khtumeware 10-Pack Polished Nickel Heavy-Duty Solid Cabinet Pulls, 6 Inch (152mm) Hole Center, Drawer Pulls, Cabinet Hardware, Suitable for Kitchen Cabinets, Bathrooms and Dressers
B0013P1GD6	NOW Foods Supplements, Vitamin C-1,000 with Rose Hips, Sustained Release, Antioxidant Protection*, 250 Tablets
B000CQ6L64	Valvoline Multi-Vehicle Moly-Fortified Gray Grease 14.1 OZ Cartridge
B09M6FD8VR	12 Packs 90430-12031 Tacoma Oil Drain Plug Gaskets Compatible with Toyota Tacoma Tundra Camry Corolla 4Runner Scion Avalon Lexus Oil Plug Gasket
B07RHTQP68	Lysol All Purpose Cleaner Spray, Multi-Purpose Disinfecting Spray, Kitchen & Bathroom Cleaner, Mango & Hibiscus Scent, 32 Fl Oz
B07YQDH1N1	Swiffer Sweeper 2-in-1 Mops for Floor Cleaning, Dry and Wet Multi Surface Floor Cleaner, Sweeping and Mopping Starter Kit, Includes 1 Mop + 19 Refills, 20 Piece Set
B0C3WWC4Q7	Hefty Small Trash Bags, Ocean Water Scent, 4 Gallon, 52 Count
B0CF3BDBL2	Windex Glass and Window Cleaner Spray Bottle, Packaging Designed to Prevent Leakage and Breaking, Surface Cleaning Spray, Original Blue Scent, 23 Fl Oz
B0DL731QNW	Apple Magic Keyboard with Touch ID and Numeric Keypad for Mac Models with Apple Silicon - US English - White Keys
B0DZD9XBK7	Apple 2025 MacBook Air 13-inch Laptop with M4 chip: Built for Apple Intelligence, 13.6-inch Liquid Retina Display, 24GB Unified Memory, 512GB SSD Storage, 12MP Center Stage Camera, Touch ID; Starlight
B0002AUTN6	The Republic of Tea - Mango Ceylon Black Tea, Metabolic Frolic Tea, 50 Tea Bag Tin
B0024SIHAG	The Republic of Tea - Ginger Peach Black Tea, Caffeinated, 50 Count
B005P0Y4B6	The Republic of Tea PassionFruit Papaya Black Tea Bags, Naturally Caffeinated, 50 Servings
B07M9Q91LP	Huggies Size 2 Diapers, Little Snugglers Baby Diapers, Size 2 (12-18 lbs), 29 Count, Packaging May Vary
B08WFJ2KZT	Philips Avent Soothie Heart Pacifier, 3-18 Months, Pink/Light Pink, 2 Pack, SCF099/12
B0CYC9F97P	AUTOMET Women's Loose Fit Cap Sleeve Top, Comfort Crewneck Casual T-Shirt for Summer Black L
B0DM29CNJH	Stuffed Spiral Baby Car Seat Toys, Best Newborn Shower Gifts, Soft Infant Essentials Must Have Stroller Hanging Toys (Vibrant Nature)
B0F2Y781LQ	Yeeeasy Baby Soft Book with Teether & 3D Textured Tails, Touch and Feel Crinkle Sensory Toys for Newborns 0-6-12 Months, Montessori Stroller Toy for Boys Girls
B01M5DEMWI	Arazo Nutrition Glucosamine Chondroitin Turmeric Msm Boswellia - Joint Support Supplement for Relief 180 Tablets for Bones, Back, Knees, Hands (180 Tablets)
B078R3NDPH	Ultra Soft Pillow Protectors with Zipper Standard Size - Set of 4 Breathable Pillow Covers - 100% Protection Against Stains, Dust & Dirt - Machine Washable (White)
B093PVRLHX	ELEGRP Decorator Double Rocker Light Switch, Two Single Pole Electrical Paddle, 15A 120V, In-Wall On/Off, Self-Grounding, Wall Plate Included, UL Listed (2 Pack, Glossy White)
B093PWTTHC	ELEGRP Decorator Double Rocker Light Switch, Two Single Pole Electrical Paddle, 15A 120V, in-Wall On/Off, Self-Grounding, Wall Plate Included, UL Listed (1 Pack, Glossy White)
B097GVLTRQ	ELEGRP 3-Gang Screwless Decorative Wall Plates, Mid-Size Unbreakable Thermoplastic Faceplate Cover for Decorator Receptacle Outlet Switch, UL Listed (2 Pack, Matte White)
B097GW7PR8	ELEGRP 2-Gang Screwless Decorative Wall Plates, Mid-Size 4.88" height x 4.94" length Unbreakable Thermoplastic Faceplate Cover for Decorator Receptacle Outlet & Switch, UL Listed (1 Pack, Matte White)
B098XB2BQ7	ELEGRP 4 Way Decorative Light Switch, 15Amp, 120-277 Volt, AC Decorator Rocker Paddle Wall Switch Replacement, Self-Grounding, Residential and Commercial Grade, UL Listed (10 Pack, Glossy White)
B08JHG867P	blink plus plan with yearly auto-renewal
B0CNCL35CH	Dr.Melaxin Cemenrete Calcium Multi Balm 9g Korean Skin Care All In One Calcium Volume Stick Collagen Wrinkles Face Eye treatment Balm